{"header": {"0": {"name": "Indegree", "params": ""}, "1": {"name": "Outdegree", "params": ""}, "2": {"name": "Assortative Input Input", "params": ""}, "3": {"name": "Assortative Input Output", "params": ""}, "4": {"name": "Assortative Output Output", "params": ""}, "5": {"name": "Assortative Output Input", "params": ""}, "6": {"name": "PageRank", "params": ""}, "7": {"name": "Clustering Coefficient", "params": ""}}, "data": {"Indegree": {"0": 1, "1": 2, "2": 3, "3": 0}, "Outdegree": {"0": 2, "1": 2, "2": 1, "3": 1}, "Assortative Input Input": {"0": 0.4, "1": 1.0, "2": 1.5, "3": 0.0}, "Assortative Input Output": {"0": 0.6666666666666666, "1": 1.3333333333333333, "2": 1.5, "3": 0.0}, "Assortative Output Output": {"0": 1.3333333333333333, "1": 1.3333333333333333, "2": 0.5, "3": 1.0}, "Assortative Output Input": {"0": 0.8, "1": 1.0, "2": 0.5, "3": 0.3333333333333333}, "PageRank": {"3": 0.15000000000000002, "2": 0.15000000000000002, "1": 0.15000000000000002, "0": 0.15000000000000002}, "Clustering Coefficient": {"0": 2.0, "1": 1.0, "2": 0, "3": 0}}}